{"cameraMode":{"drawMode":0,"name":"Shaded","section":"Shading Mode"},"sceneLighting":false,"audioPlay":false,"sceneViewState":{"showFog":true,"showMaterialUpdate":false,"showSkybox":false,"showFlares":true,"showImageEffects":true,"showParticleSystems":true},"in2DMode":false,"pivot":{"x":-2.682209014892578e-7,"y":-0.2111896276473999,"z":-0.09772799909114838},"rotation":{"x":-0.3452145457267761,"y":-0.0666436180472374,"z":0.02458331733942032,"w":-0.9358333349227905},"size":3.726470947265625,"orthographic":false}