{"cameraMode":{"drawMode":0,"name":"Shaded","section":"Shading Mode"},"sceneLighting":false,"audioPlay":false,"sceneViewState":{"showFog":true,"showMaterialUpdate":false,"showSkybox":false,"showFlares":true,"showImageEffects":true,"showParticleSystems":true},"in2DMode":false,"pivot":{"x":0.02397334575653076,"y":0.05852792039513588,"z":0.004163146018981934},"rotation":{"x":-0.472250372171402,"y":-0.5274171829223633,"z":0.48633766174316409,"w":-0.5121406316757202},"size":2.160933017730713,"orthographic":false}